id,type,text1,text2,text3,notes
,,,,,
#战术系统,,,,,
#主力舰,,,,,
aEP_ExtremeOverload,SHIP_SYSTEM,激活时大幅度增加武器射速，同时降低武器幅能消耗与舰船幅能耗散。结束时，根据本次激活中产生的软幅能总量，禁用所有武器和v排一段时间,,,
aEP_NCReload,SHIP_SYSTEM,激活后产生大量幅能，极大加快所有导弹武器的冷却时间,,,
aEP_DecomposerFastBuild,SHIP_SYSTEM,激活后所有非内置联队将被额外部署至两倍数量，但此波战机造成的伤害减少50%，承受的伤害增加20%,,,
aEP_BBLockOn,SHIP_SYSTEM,激活后自身持续产生软幅能，短时间内大量增加目标武器产生的幅能,,,
aEP_NBFiringJet,SHIP_SYSTEM,激活时辅助推进器爆发性喷射，立刻朝加速方向获得大量速度，同时获得短暂的机动性加成,,,
aEP_FuelBurn,SHIP_SYSTEM,可切换，激活时大幅度提升最大速度并强制向前加速，无法转向，持续产生大量幅能并消耗仓库中的反物质燃料,,,
aEP_DamperTanker,SHIP_SYSTEM,可切换，激活时禁用武器和护盾，展开折叠的装甲，能大量的增加装甲有效值，减少伤害,,,
,,,,,
#巡洋舰,,,,,
aEP_MDDroneLaunch,SHIP_SYSTEM,激活时向鼠标位置部署一架无人机拦截附近的敌方弹丸，到达底指定位置后会展开护盾吸收伤害，一段时间后自毁,,,
aEP_WeaponResetZL,SHIP_SYSTEM,激活时快速吸收一定比例的当前幅能，并加快武器射速与弹仓填装速度，结束后这些幅能会快速返还,,,
aEP_ApproachThruster,SHIP_SYSTEM,可切换，激活时提升最大速度并强制向前加速，无法转向，同时持续消耗使用次数,,,
aEP_RQReload,SHIP_SYSTEM,激活时产生大量幅能，少量加快非内置导弹武器的冷却，并装填满内置导弹的弹药,,,
aEP_FighterLaunch,SHIP_SYSTEM,激活时召回附近本舰搭载的非轰炸且作战半径超过2000的战机，召回后以高速向舰首方向弹射至2000距离外，弹射途中战机获得巨额减伤,,,
aEP_VectorThrust,SHIP_SYSTEM,激活时增加巨额机动性，向左右侧移则增加大量极速，前后移动则增加少量极速,,,
,,,,,
,,,,,
#驱逐,,,,,
aEP_RevolvingMissileLunch,SHIP_SYSTEM,激活时持续降低幅能并发射导弹，直到幅能清空后停止发射，拥有较长的冷却时间且使用次数有限，当本舰被摧毁时会自动激活系统,,,
aEP_AntiPhaseDrone,SHIP_SYSTEM,激活时发射一架限时的超高速无人机，装备固定数量的无动力磁吸炸弹与反舰光束。战机与母舰超过一定距离后会受到极速与机动性降低的惩罚,,,
aEP_YJDefenseStance,SHIP_SYSTEM,激活时向四周发射大量防空弹幕,,,
aEP_WeaponResetCL,SHIP_SYSTEM,激活时快速吸收一定比例的当前幅能，并加快武器射速与弹仓填装速度，结束后这些幅能会快速返还,,,
aEP_DamperLA,SHIP_SYSTEM,激活时少量加快武器射速和弹仓装填速度，同时展开折叠装甲获得额外有效计算值和减伤，但期间持续禁用护盾,,,
,,,,,
#护卫,,,,,
aEP_DamperRL,SHIP_SYSTEM,激活时少量加快武器射速和弹仓装填速度，同时展开折叠装甲获得额外有效计算值和减伤，但期间持续禁用护盾,,,
aEP_FCLBurst,SHIP_SYSTEM,在短暂的准备内置火炮后，发射数颗动能鱼雷，射程为{1200}，基础伤害为{500}，如果命中护盾则造成额外{1000}软幅能伤害。同时获得极大的后向速度，在炮管冷却前提升最大速度但降低加速度。,,,
aEP_WeaponResetXL,SHIP_SYSTEM,激活时快速吸收一定比例的当前幅能，并加快武器射速与弹仓填装速度，结束后这些幅能会快速返还,,,
aEP_FortressShield,SHIP_SYSTEM,可切换，激活时减少护盾所受伤害。但期间护盾角度减少，禁止开火，并产生硬幅能,,,
,,,,,
#战机战术系统,,,,,
aEP_DroneDamper,SHIP_SYSTEM,激活后沿着装甲覆盖一层立场，能大量的增加装甲有效值，减少伤害，仅能使用一次,,,
aEP_DroneBurst,SHIP_SYSTEM,可切换，激活时大幅度提高飞机的速度，同时减少转向能力,,,
aEP_DroneDash,SHIP_SYSTEM,激活时立刻向前推进，大幅度提升最大速度并获得减伤，结束时获得短暂的转向加成,,,
aEP_DroneGuard,SHIP_SYSTEM,激活时立刻闪现到位置，展开护盾为友舰抵挡攻击，但持续时间内不可移动,,,
aEP_DroneTimeAlter,SHIP_SYSTEM,激活时获得时间加速效果，但不可开火,,,
aEP_DroneCanister,SHIP_SYSTEM,激活时向四周发射近炸防空烟雾弹，造成破片伤害,,,
,,,,,
#船&&它的内置武器,,,,,
,,,,,
aEP_cap_biaobing_radar,WEAPON,"""标兵""级著名的武器校准雷达，会发射大量电磁波。以这种功率的雷达而言，仅仅是照射就能造成船体破坏和EMP伤害。至少对于护卫舰级别的船体请不要暴露船体于如此大功率的雷达下。",,,
aEP_cap_nuanchi_missile,WEAPON,一种缓慢的战术导弹，产生的emp足以让没有事前准备的任何战舰的点防御全部下线，成为暖池级的下一个牺牲品。,,,
aEP_cap_duiliu_main,WEAPON,用来打破临界点的武器，这套系统使用多级电磁加速赋予金属难以想象的动能，装备这种武器的战舰能将敌人彻底沉入光线永远无法到达的深空,,,
aEP_cru_requan_missile,WEAPON,内置的远程反舰导弹，配合战术系统可以连续发射，对于已经失去防御能力的舰船有很大的威胁,,,
aEP_des_yangji_sidegun,WEAPON,可以大量布置的廊炮阵列，发射所消耗的幅能较少，伤害足够威胁大部分舰船。问题在于廊炮外置导致精度极差，以及过重弹头缓慢的飞行速度。,,,
aEP_cap_neibo_main,WEAPON,某项技术交换的成果，这件曾是某种巨大战争机器主炮的武器以炮塔的形式安装在内波级的中央并与供弹器相连，能用火神炮的速度连续发射反舰弹药，是名副其实的中小舰船杀手,,,
aEP_flamer,WEAPON,喷火器永远在战争中有一席之地，无非是喷出的物质和助燃剂不断升级。,,,
aEP_tesla_gun,WEAPON,通过发射混合导电材料的微颗粒，能将这门武器产生的电涌以高效率输送到目标舰船全身，降低其引擎的工作效率。唯一的问题是射程太近,,,
aEP_cru_pingding_main,WEAPON,一种发射火箭增程弹的长身管火炮，允许使用者在传感器范围外狙击对手，堪比大多数鱼雷的装药量足够一击就摧毁护卫舰。为了减缓它巨大的后坐力对船体结构造成的长期损伤，同时使精度达到可接受水平，发射前必须打开用于姿态控制的脚架提供额外角力矩，并使引擎反推。唯一的问题是火箭增程弹药和鱼雷一样可以被拦截,,,
,,,,,
,,,,,
aEP_cap_duiliu,SHIP,"最近才出现于英仙座，象征着公司力量的巨舰，相比于星域中众多资历深厚的设计是一位新面孔。长期以来FSF所使用的主力舰都是人之领时期设计的标兵级，面对已经成为星域中一股力量的FSF显然需要一艘为自己设计的战舰，温跃层级便因此而生。不厚的装甲，不高的速度，换来其上密集的武器槽位，若是能把握时机，就能以纯粹的投射量毁灭对手。这艘战舰将代表FSF与星系中同级的对手一决高低。
温跃层象征着短时间内剧烈的变化，其没有大槽的设计容易在常规拉锯炮战中失利，但在勇敢的舰长手中，一次交锋就能取得胜利的战斗无需冗长的交换，狭路交锋，坚信自己会胜利的人才会获得胜利女神的青睐。
",,,
aEP_cap_nuanchi,SHIP,"如同在小行星工厂上强行加装引擎和装甲的一级主力舰，暖池级确实符合导弹主力舰的称呼。将微型导弹工厂放大到全尺寸的代价是全方面的，不仅用于扩展发射架改造的空间冗余被压榨一干，导弹发射的频率也受到了影响。但随着在战场时间的增加，全尺寸导弹工厂源源不断的导弹再生能让它证明自己的价值。与杂乱外观不同，暖池级在舰体结构中充分考虑了冲击缓解和损害控制的需求，并将弹药均匀储存，使得它不仅拥有不错的装甲，在受到伤害时整体殉爆的可能性也几乎为0。

暖池级杂乱的布局也是为了安装“再刷新”装填系统，这种使用标准化供弹模块的装填装置能快速将舰体各处的弹药向导弹发射器供弹。这套系统在能量充足的情况下支持连续使用，使得暖池级在短时间内制造恐怖的发射量。当暖池级正式列装，星系主流的看法认为这是对鹰头狮的一次大胆扩建。这样的一艘导弹舰在任何时候都是受人敬畏的存在，但是其并没有表现出于导弹槽位数量相符的火力，或许，见过的人都已经不存在了罢。",,,
aEP_cap_biaobing,SHIP,"如果说典范级是人之领海军高级将领的妄想与速子科技高层的野心混合之产物的话，标兵级则是向战列舰能量化踏出了坚实的一步。与典范级不计成本使用先进目标定位核心不同，标兵级使用一套单独为其设计的射击辅助雷达用来解决能量武器射程不足的问题。为了承担这套系统的压力，标兵级牺牲了作为战列舰而言大部分的装甲，换取了优秀，甚至可以说是卓越的电网与机动性，配合全身豪华的武器槽位配置可以在一次短爆发中对敌人造成恐怖的压力。
尽管做出了巨大的牺牲，标兵级实质上无法承受长时间全功率开启雷达，这意味在一对一交锋中，大部分常规实弹战列舰若能维持在优势射程即可轻松压制标兵级。比起使用需求大量高技术人才维护的先进目标定位核心的能量战舰们而言，标兵级更像是回归了旧时代传统的战列舰，简单而实用。标兵级理应不会出现在英仙座，因为无论是先前驻守的军团还是前来轮换的十四军团都没有列装标兵级，但是标兵级仍然谜一样的出现在了FSF公司的货物清单中。排除现在流言中各种添油加醋的部分，有一点可以确定，FSF的创始者们在大崩溃以前一定与某些军团高层有紧密的联系，能搞到各种测试中装备的原型。
",,,
aEP_cap_neibo,SHIP,一种为猎杀小船而生战列巡洋舰，与公司大部分缓慢而火力充沛的舰船不同，采用了曾在战机上使用的脉冲爆发推进系统能在瞬间推动这艘巨物。另一个独特的设计是附着于主炮上的炮塔模块，具有独立的武器和幅能系统，大大减少了母舰幅能管理的压力。虽说分为战列巡洋舰，其装甲和结构却略高于公司的战列舰，使得温跃层级略显尴尬。作为一种另类设计的主力舰，大量的小型槽位不利于承受伤害，在势均力敌的战斗中很容易陷入'无炮可用'的场面，而另一方面，主炮的巨额伤害对于中小船只极危致命，这对于舰长选择对手的能力提出了考验。为了减轻武器槽位损坏的影响，船头布置了一处模块化装甲，这种举措有限的增加了正面能力，但这块装甲一旦脱离，建议不要再与任何同级战舰进行接触。,,,
aEP_cap_decomposer,SHIP,"FSF在大崩溃后新开发的舰船之一，分解者级在运载数量可观的燃油与补给的同时，搭载了一套开放式甲板与拆解系统。设计初衷是服务于远航舰队在得不到补给的情况下，通过拆解战场上保存尚好的舰船残骸回收需要的零件和各种消耗品。对于后勤体系不够优秀的的军队，配备这种舰船大大减轻了后勤的压力，在断供的情况下，一只精锐的舰队可以以战养战坚持相当长的时间。
在战场中舰船停机后，若船体没有因为殉爆当场四分五裂，其内部相当多的部分是可以回收的。正常情况下，直到战斗分出胜负，一方才会获得打扫战场的权力，此时残骸中很多需要密闭保存的物品就已经零散的飘洒到太空中无法回收了。可以在战场上即时作业的分解者级拥有一个巨大的暴露的作业甲板，中间开有一个通向内层甲板的洞口，其配套无人机内置的拆解光束能精准的将残骸拆分为合适大小的碎屑，携带回作业甲板回收可用的物品。为了满足作业不受干扰，分解者的火力足够击退较小的舰船，这样一艘万能的舰船足以成为小型舰队的核心。
尽管装甲和结构的用料均以军用级标准要求，为了同时满足货运与拆解作业的要求，分解者级牺牲护盾发生器的空间，而使用内置的组盾无人舰联队抵挡伤害
",,,
aEP_cap_shangshengliu,SHIP,"横穿星系的装甲货舰，只有涉及到最危险航线时才会考虑的选择，装甲和结构的质量不逊于大部分战列舰的上升流级能无视星域中大部分的威胁。作为特种运输业的明星，在计算战斗力时绝对不能把它只当作一艘货舰看待，除了不可小视的火力，必要时它能展开装甲承受大量火力直到援军的到来。

相对的使它昂贵的补给需求，维护这套折叠装甲需要的功夫超过想象。但这还不是大头，在结构上强度对比军标就注定了它的诞生不是为了在和平航线上往返，计划不固定，海盗频发，环境缺失数据的边境航线才是它的归属。",,,
aEP_cap_shangshengliu_mk2,SHIP,"改装的上升流级，出自离职的FSF设计师之手，摘除了伸缩式的外置装甲，在原来货舱的部位布置了一系列炮廊与辅助引擎。

上升流级很少成为海盗袭击的目标，或者说成功成为受害者，自诞生以来资料上有记载的损失事件仅寥寥数次，这艘战舰的出现背后有一些上不了台面的故事。但是显然，有人拿着一艘上升流级找到了一位离职的设计师造出了这个接近官方改造的大铁块",,,
aEP_cap_shangshengliu_mk3,SHIP,"基于上升流级的一种改型，用于运输反物质燃料。根据统计数据，在特种燃料运输领域，尽量减少暴露在高危区域的时间所降低的风险要远胜于多几层装甲，但MK.III型选择了两者都要。支持它的是一台由多台大型引擎并联而成的巨型引擎，尺寸和油耗都超过任何常规选择。在长时间的加速阶段后，它能以驱逐舰都望尘莫及的速度横穿战场。

这台怪兽引擎工作需要的燃料直接来源于MK.III的货物，使得它的实际有效运载量要比标注值的更低。尽管可能在穿越危险地带时消耗了一半的货物，但在对于它的客户来说，能完整抵达目的地已经是一种成功。",,,
,,,,,
aEP_cru_hailiang,SHIP,"形同空间站火力平台的巡洋舰，也和火力平台一样插满了槽位，海量级作为一种镇压战舰被设计出来。为了完成对大量小型舰船的镇压工作，海量级在每个方向都拥有大型槽位以提供射程和火力上的优势，且不会碰到面对多个不同方向敌人单个炮塔难以抉择的问题，作为一艘特化的战舰，在镇压任务中相对不重要的机动性和正面能力被牺牲。星域中订购这种战舰的势力很少，主要原因在于作为执法者的势力普遍拥有自产的战舰，但少数边缘星球的政府会少量订购以反制使用高速舰船进行突袭的小型海盗团。
",,,
aEP_cru_zhongliu,SHIP,"成为FSF舰队中流砥柱的型号，作为常规巡洋舰的中流级从设计上将公司舰船的特色体现的淋漓尽致。防御性能仅略强于轻巡洋舰的中流级却缺少最重要的机动性，使它成为一个非常容易被摧毁的目标，但形成一定规模后与其他舰船分摊压力时，中流级能用角度广而重合的槽位快速摧毁任何舰船。

中流级强大的槽位设计在额外射程的加持下使得它拥有主力舰级别的炮战能力，保护好脆弱的它们是在一场战斗中胜利的关键。中流级在FSF的舰队中算服役较晚的一批设计，因此应用的技术和设计思路都非常成熟。",,,
aEP_cru_requan,SHIP,基于侧击级舰体改造而来的一艘导弹巡洋舰，作为暖池级的轻量化版本保留了内置导弹工厂。设计重心倾向易于生产的热泉级仅有有限的槽位用来安装自卫武器，这意味着面对任何冲到其附近的舰船——甚至是护卫舰也能轻松解决掉它。但即使有着诸多缺点，只是较低的部署消耗这一点就足以成为舰队指挥青睐它的理由。,,,
aEP_cru_pingding,SHIP,平定级在FSF的舰队中并不常见，因为其过于特化的设计常常只在围攻最困难的目标时才有它们出场的机会，这种拥有火箭增程武器的炮击舰能在大部分舰船火控系统的锁定距离外的就摧毁它们。尽管自第一艘平定级在摧毁海盗聚集地任务中露面以来，这些舰船从未被用于势力冲突，但这些战争游戏规则的改变者永远被FSF的敌人纳入了考量。,,,
aEP_cru_shanhu,SHIP,一种支援航母，作为增强公司舰队航空能力的一环，在最初版中最大速度和部署消耗都比现在优秀的多。但在之后的讨论中不断的加料使之变成了并不存粹的航空母舰，而是同时集成了导弹与护盾无人机系统的支援平台。能在本艘上工作是一种享受，昂贵造价的带来的是没有短板的系统。同时兼顾导弹，战机，和锚点无人防御平台的维护对它来说不是牺牲其一而选择另一的取舍，而是全部都要做到最好的的自信。,,,
aEP_cru_pubu,SHIP,"一种围攻航母，使用大功率的驱动立场发射器将战机弹射到远处。使用复杂的机械运动组件保护中央导轨系统的正常运行，瀑布级要求最高水平的成员。无论是脆弱的弹射导轨还是精密的联动结构，维护上的一点失误就会导致其下线。作为进攻性航母的定位掩盖了它难以在战场环境运行的问题，在足够远的地方依照训练按部就班的成员们往往很难想象在远方他们造成了多严重的灾难。

瀑布级作为高材生的首选，原型追溯至仿制某艘因为损伤过于严重而被抛弃的航空巡洋舰残骸，逆向研究发现了被认为是蒸汽弹射的筒状轨道与锅炉机构，还有大量疑似锻炉的结构留存。辐射和高温环境严重破坏了该残骸的船体，目前对它的一切信息都属于推测，甚至可能完全偏离原来的设计意图。唯一可以确认的信息是写在舱壁上的""铁阁""二字",,,
,,,,,
aEP_des_shendu,SHIP,设计过于极端的导弹驱逐舰，在轻型巡洋舰的体积中同时安排大型导弹与航空甲板有些过于勉强了，使得深层级除了寥寥几个点防御槽位外没有任何安装武器的空间。这艘舰船最引人争议的地方在于庞大的舰体只配备了驱逐舰级的子系统，巨大空间不去用于升级为轻巡洋舰，而是安装了一套独立于本舰航空调度台的全自动布雷机。这种完全独立的模块安装在一个已经拥有航空调度系统和战机生成线的母舰上显得尤其怪异，但至少它在反骚扰上优秀的效能还是保证了本舰没有被取代。,,,
aEP_des_shendu_mk2,SHIP,某种原型战舰，为了运输和发射巡洋导弹所设计的载具，仅搭载了必须的点防御槽位以对抗危险环境，这也解释了为什么如此庞大的舰体仅配备驱逐舰级别的子系统，因为其最初就只是作为载具而存在。,,,
aEP_des_yangji,SHIP,一种在两侧塞满了廊炮，拥有重火力的战舰，也是FSF外售的经典型号，在防护火力和机动上取得了较好的平衡，而内置的防空弹幕发射器给予其更一层生存性。作为外售型，普适性是设计的第一指标，简单的维护要求和略大于普通驱逐舰的吨位使它在边缘星系异常受欢迎。在单舰和小规模冲突中表现优异，但过于平淡战术系统限制了它的上限,,,
aEP_des_lianliu,SHIP,公司的通用高速驱逐舰，中线上的三座背负式炮台为这艘战舰提供了多种火力方案。不仅如此，该舰的防护水平并未做出太大牺牲，适用于多种巡航任务，总是出没于公司冲突的第一线，也是外贸系列的重要型号。尽管幅散受限，利用战术系统在短时间放弃护盾依然能发挥出不错的火力。,,,
aEP_des_cengliu,SHIP,一种提供火力支援的驱逐舰，在战术系统的加持下能输出巡洋舰级别的火力，整个舰体被设计成几乎圆形以提高装甲利用率，武器槽位也放在更危险的外侧，而这些举措也没能将装甲和航速提升到平均水平。虽说如此，将消灭威胁视为防御手段时，本级舰船可以说是优秀的。,,,
aEP_des_youjiyan,SHIP,"有机盐系列是特种运输领域的好手，一方面安装有令大部分驱逐舰自愧不如装甲的它，还有飞行甲板以应对高速目标的威胁，另一方面维护和部署它的消耗不亚于一艘正牌军用驱逐舰。在星域中从不缺愿意为自己货物加价的人，但无论哪个时代，被动防御都只是拖延之计，它真正的价值在于杜绝了""意外""的发生——任何精准打击对它都收效甚微，除非能正面击败整支护航舰队",,,
aEP_des_youjiyan_mk2,SHIP,"有机盐系列是特种运输领域的好手，一方面安装有令大部分驱逐舰自愧不如装甲的它，还有飞行甲板以应对高速目标的威胁，另一方面维护和部署它的消耗不亚于一艘正牌军用驱逐舰。在星域中从不缺愿意为自己货物加价的人，但无论哪个时代，被动防御都只是拖延之计，它真正的价值在于杜绝了""意外""的发生——任何精准打击对它都收效甚微，除非能正面击败整支护航舰队",,,
,,,,,
aEP_fga_wanliu,SHIP,只在大型战场上出现的护卫舰，集成了强大的线列目标定位系统和大型槽位，在主力舰相互陷入缠斗时从侧面进攻。即使敌人决定将火力优先集中于它，也拥有劣化版的堡垒护盾提供生存能力。通常由年纪较大，从主力舰轮换下来的军官担任舰长与炮手，这种护卫舰比起热血，更需要缜密的思维。,,,
aEP_fga_yonglang,SHIP,"一种中大型护卫舰，搭载了两门重型反护盾炮射鱼雷。在多护卫协同大型战舰作战时，往往会出现相互遮挡火力线和机动线路的问题，导致护卫舰出现损失。在经过反复验证后开发部决定制造出专业的协同攻击护卫舰，内置的炮射鱼雷使用了类似破门锥的原理，能一瞬间击溃目标的护盾，但开火后自身也会暂时失去作战能力——不仅是因为该武器巨大的幅能产出，也是物理意义上会被后坐力将自身推离。
",,,
aEP_fga_xiliu,SHIP,依照相当古老的布局所设计的一艘护卫舰，四向的槽位更多的是一种震慑意味，它作为FSF最常规的一种护卫舰，尽管缺少各种引人注目的功能性，依靠武器数量而不是质量的细流级以廉价的火力闻名。而通过精简武器数量去提升质量，在对舰长的驾驶技术提出更高要求的同时，也能明显拔高舰船的发挥上限。,,,
aEP_fga_xiliu_mk2,SHIP,这艘细流级已被大幅度改造，大量槽位被移除或是改制，现在该舰是拥有危险的鱼雷发射能力的一艘合格突袭舰船，拥有更高的机动性且安装了少量货舱用来携带它主人的'战利品',,,
aEP_fga_raoliu,SHIP,"作为斥候设计的护卫舰，以其低廉的价格和与价格不符的生存率闻名。绕流级是一种将高速度和阻尼外壳结合起来的护卫舰，舰体上适合安装武器的位置大多被装甲和阻尼设备所占据，使其的槽位利用率显得非常尴尬，缺乏火力而防护性过剩让它成为星域中最不受海盗欢迎的护卫舰之一。也因如此，尽管定位是军用舰，其在民用和训练用途上的订单要多得多。
",,,
,,,,,
,,,,,
#特殊舰船 && 它的特殊武器,,,,,
aEP_CruiseMissile,SHIP,S-1型巡洋导弹弹头预制了大量弹片，引爆后被融化为等离子体向周围散射，以高温融化大范围内的敌方装甲。,,,
aEP_cruise_missile_weapon,WEAPON,S系列巡洋导弹是一种使用护卫舰舰体进行长距离飞行的特殊导弹，也可以在战斗中直射。,,,
aEP_CruiseMissile2,SHIP,S-2型巡洋导弹使用聚能装药弹头，能将威力集中于一点。擅长使用高速突破敌方舰队防御后精准摧毁点目标,,,
,,,,,
aEP_typeB28,SHIP,人之领时期的一种全自动采矿平台，拥有相当程度的火力，关于它的更多信息全部不详,,,
,,,,,
#武器说明,,,,,
,,,,,
#大实弹/能量,,,,,
aEP_b_l_aa40,WEAPON,原本是设计用于行星防御的对空武器，在发现它的平射潜力后被安装在战舰上。如此口径的防空炮弹丸形成的动能已足以压制护盾，但连续发射大口径弹药对材料强度和精密度提出了严苛的要求。如此可怖的武器放眼星系也只有少数舰船承担的起它的消耗，常常被用来消灭一些经典物理学无法解释的现象,,,
aEP_b_l_dg3,WEAPON,联装的转管机炮，穿深无用论的产物，使用庞大的机构密集发射一种小口径薄壳超量装药弹，只能侵入完全失去装甲保护的舰体，但如果射入会造成可怕的结构破坏。持这种观点的设计者认为，面对远超己方科学水平的新式装甲时，采用弹幕期望破坏弱点区域或者外部设备一样能使其失能。,,,
,,,,,
,,,,,
,,,,,
#中实弹/能量,,,,,
aEP_b_m_k125,WEAPON,公司的标准武器，使用转膛原理的速射炮，两根炮管能连续发射8枚中口径炮弹。本就具有常规水平的持续火力，在弹巢填满时火力会更上一层,,,
aEP_b_m_mb32,WEAPON,一种发射点防御弹药的对舰武器，齐射的开火模式允许它每次开火都形成一团密集的弹药蔟捕捉到任何穿过其中的导弹，而非像其他点防御武器一样靠成吨的投射量起效。虽然无法穿透船壳，客串反护盾角色也不错,,,
aEP_b_m_h88,WEAPON,中口径舰炮，弹头发射后被气化为高温等离子体，每次开火都需要抛出固体储热介质以冷却炮管，保持了低装配成本的优点，允许舰船将更多点数投入改造以支撑它较高的幅能消耗,,,,
aEP_high_speed_HE,WEAPON,使用二段集束弹药的精准武器，用于在远距离消灭高速轻目标，以面杀伤弥补对目标高速运动的补偿问题。尽管做了诸多努力，榴霰弹本身的物理性质仍然阻止了有效射程的进一步提升,,,
aEP_b_m_rk107,WEAPON,"高精度的多管轨道引导火箭弹发射器，战斗部最大程度的装填破片炸药，瞄准装甲破损处的一轮射击就能将敌方舰体化为碎片。不需要幅能的设计保证这门武器会在幅能交换中成为压倒骆驼的最后一根稻草",,,
,,,,,
,,,,,
#小实弹/能量,,,,,
,,,,,
aEP_e_s_300k,WEAPON,这种由多个小激光发生器组成的阵列单位时间投射总能量极高，能快速融透战机和导弹的外壳并烧毁内部的一切结构。但是对战舰级护甲作用有限,,,
aEP_b_s_pom,WEAPON,这种爆发射击的点防御武器尽管消耗略高，大量拥有近炸引信的低速弹丸能消灭一整片区域的蜂群式导弹，但是因为射击间隔较长对重型导弹效果有限,,,
aEP_vulcan,WEAPON,一种转管近防炮，能精准的将子弹打进同一个弹孔，但做出了牺牲的子弹威力和持续火力使之不善于迎击战机或是饱和攻击型导弹。,,,
aEP_b_s_h37,WEAPON,小口径舰炮，对中型舰船也能造成一定的威胁，低装配成本是它最大的优势，后座机构允许其实现2发点射，之后精度会快速下降,,,
,,,,,
,,,,,
#导弹,,,,,
aEP_breakin_hammer,WEAPON,"粗暴的造成大量动能伤害的反护盾鱼雷，破门锥是FSF公司最高技术力的体现，背后原理其实非常复杂，弹头中包含一组引力场发生器，通过某种程度上改变自己的重量使得弹头蕴含着远超其重量的动能，但这些精密的仪器在撞击装甲时会损坏。
破门锥使用颠覆物理学的引力场发生器，正常状态其质量使用常规推进系统可以加速到足够快，在得到足够速度后引力场激活伪装弹体的质量，尽管这使得安全距离比一般的鱼雷要长，但在成功命中敌方护盾时产生的动能冲击将是致命的。注意的是伪装仅仅是伪装，在外壳受到刚性冲击导致内部零件受损时，其效果会立刻消失。剩下的仅仅是作为大型鱼雷厚实的外壳造成的冲击。这种鱼雷本质上是一种妥协，使用真实质量如此大的鱼雷将没有任何小型推进系统能将其短时间加速。",,,
aEP_breakin_bay,WEAPON,配合弹舱使用的破门锥发射系统，量大，足够支撑长时间的战斗,,,
aEP_hive_small,WEAPON,面向持久作战的小型发射架，可以说是简单的将发射舱一分为二，容量减半的同时火力减半，以匹配发射舱的发射频率,,,
aEP_hive_bay,WEAPON,一种因为鱼叉导弹过于脆弱而被开发出来的小当量密集发射导弹，牺牲了一定的速度和机动性换取比鱼叉更厚实的弹体。面对已经严重的受损装甲时不仅能快速撕开舰体，也能瘫痪附近的武器,,,
aEP_as_bay,WEAPON,一种暴力的重型反舰导弹，临近目标时引爆装药，向前方发射出高温射流。这样的工作原理若能一击过载护盾，并不会被护盾完全吸收，射流会继续破坏舰体,,,
aEP_as_large,WEAPON,一种恐怖的大当量反舰导弹，用于彻底摧毁敌方主力舰。工作原理和他的中型版本相同，但更加笨重的弹体限制了它的速度与转向能力。,,,
aEP_m_m_fluxtube,WEAPON,这件武器是“事物是螺旋发展”的体现之一，早就脱离了需要自带散热剂时代的舰船，为了获得更好的幅散又捡起了这种直接通过物质载体进行排放的手段。形式上返璞归真但是实现起来比热能的处理麻烦的多，每一颗幅容管都是简化过的舰船幅容寄存器，而原来导弹槽供弹，瞄准等系统的空间则被改造用来从舰体导入幅能，也因为这个原因，其发射前需要一段时间的准备。,,,
aEP_m_s_harpoon,WEAPON,一种高速动能中远程支援导弹。通过攻击敌方护盾以减缓前线战舰的压力，高质量弹头保证即使击中舰体也能造成一定伤害。,,,
aEP_m_l_harpoon,WEAPON,一种重型联装反护盾导弹，庞大的弹体中配备了大推力引擎，能以高质量高速度撞击目标，对中等程度装甲也造成威胁。这样恐怖的撞击动能甚至能将弹头震碎，能在护盾上打出一个巨大的凹陷,,,
aEP_bomb_lance,WEAPON,工程学杰作，在路德疯子们一阵思索以后，他们发现只要把鱼雷顶在敌人脸再发射就不会被拦截了。,,,
aEP_cluster_small,WEAPON,集束轰炸导弹，在目标上空释放多个无动力炸弹，除了对舰作战也常常用于火力覆盖地面目标。巨大的弹体不仅能携带更多弹头，也允许携带更多的燃料，使发射者躲在安全的地方实施战争罪行。,,,
aEP_m_s_era,WEAPON,这种落后的附加装甲继续出现的原因有很多，它便宜，效果不错，而且符合战舰的操作手册——这总比直接切下整块钢板再焊上去好维护多了，不是吗,,,
,,,,,
,,,,,
,,,,,
#欧米茄武器,,,,,
aEP_railway_gun,WEAPON,"星域中可以安装在普通槽位上口径最大的火炮之一，作为公司“先进武器计划”的产物，能用一次攻击就破坏大部分舰体，还有耳膜。——""它在第一次破坏力测试时直接穿透了检测器的护盾，摧毁了其后的发生器和幅能压力检测器，所以我们暂时...没有数据""",-FSF先进武器计划科研员的定期汇报,,
aEP_b_m_lighting,WEAPON,"在弹头中安置高密度微型电池完全带走了子弹的穿透力，但带来了对护盾稳定性的破坏。在击中护盾后向其注入能量如同在水面激起波纹，显著增加维持护盾的难度。——""放心，不会只因为失误把箱子摔到地上就把你电成糊的""",-FSF先进武器计划科研员的会议记录,,
,,,,,
,,,,,
,,,,,
,,,,,
#战机说明,,,,,
,,,,,
aEP_ftr_ut_repair,SHIP,应战场需求开发一种小型维修平台，用于在紧急状态下将友军的装甲和结构恢复到基本水平。,,,
aEP_ftr_ut_supply,SHIP,后勤直升机，被称为战场小跟班，能够吸取友军的幅能并转移到自己身上。这种太空大气两用的双螺旋桨飞机大部分时间用于将陆战队或是物资往返运输于星球表面，为此配备了一个高速出力推进系统以突破重力。当应用于太空战斗时，内部的空间被改为大量幅能寄存器，但遗憾的是舰载机无法耗散掉这些幅能，只能运走,,,
aEP_ftr_ut_decompose,SHIP,一种使用光束切割船体并回收补给的拆解无人机，使用了奢侈的360度护盾，在危险的战场上也能完成拆解作业。,,,
aEP_ftr_icp_gunship,SHIP,一种反战机设计的终极产物，配备数量众多且射界宽阔的机枪炮塔，使用EMP子弹瘫痪对手后，中间的光束主炮造成毁灭一击。这种对战机毫不留情的设计在飞行员中赢得了它的名声。尽管缺少击穿装甲的主炮和低速决定了对于反舰攻击非常尴尬。,,,
aEP_ftr_bom_attacker,SHIP,一种对舰攻击机，轻型框架给予其优秀的机动性，使用战舰级火炮对目标进行攻击。尽管总伤害可观，需要较长时间倾泻备弹且并不厚实的机体限制了它的发挥,,,
aEP_ftr_bom_nuke,SHIP,这种拥有厚重装甲和尾炮的战略轰炸机携带了一枚无动力反应炸弹，作为代价它飞的缓慢又迟钝。尽管有诸多缺点，反应炸弹不可阻挡的威力还是让它在摧毁固定目标上成为FSF最好的选择，当然也不要妄想击中任何可以移动的目标。,,,
aEP_ftr_sup_shield,SHIP,通用组盾无人机，大肆扩充了装甲，单纯为需要将甲板转换为正面战斗力的舰长而设计,,,;
aEP_ftr_sup_tank,SHIP,在这种支援飞行器用于在承受火力的同时制造伤害，减少友军舰船的压力。它的倾斜复合装甲能在承受任何伤害时快速修复，意味着只有单发就能穿透其装甲的弹丸才能实际侵入结构。在有相同的材料与科技水平时，如果需要的只是防御和火力，为什么不在太空中建造坦克呢。,,,
aEP_ftr_sup_guardian,SHIP,一种近程截击无人机，在不要求作战半径的情况下，该型号战机得以拥有较高的极速和机动性以驱赶敌方小型舰船。其内置了一套爆发推动系统和临时护盾发生器，可以在紧急时刻以类似闪现的速度为附近友方舰船抵挡关键的弹丸。如果不是受人之领法律规定的受限计算核心，它的表现能更上一层,,,
aEP_ftr_ftr_hvfighter,SHIP,携带一对大口径机炮的重型战斗机，破坏力足以撕开驱逐舰级别的舰体，同时也能通过战术系统进行爆发式推进以规避点防御火力，但较差的机动使之在战机间的较量中处于下风，通常只在已经取得制空权的战场上部署。,,,
aEP_ftr_ftr_helicop,SHIP,可以在大气层内作战的重型武装直升机，也可以在宇宙环境下使用。携带了多门撞针动能火箭巢，在开幕时能以一轮铁雨为其他舰载机的进攻铺开道路，备弹消耗完后持续火力较低是一个问题。,,,
,,,,,
#战机武器,,,,,
aEP_ftr_ut_repair_beam,WEAPON,一种发射纳米材料射流的工程武器，覆盖受损装甲后冷却固定，多用于战场紧急维修，无法将装甲修补到原本的强度。,,,
aEP_ftr_ut_supply_main,WEAPON,一种汲取器，能远程将目标的幅能转移到自己身上。,,,
aEP_ftr_ut_maodian_ads,WEAPON,先进的主动防御系统，发射一种实心无动力混凝土块，撞毁路线上的敌方弹丸。,,,
aEP_ftr_ut_decompose_beam,WEAPON,带有牵引力的切割光束，对完好的舰船几乎没有作用，但能快速切开已经损坏的残骸,,,
aEP_ftr_icp_gunship_gun,WEAPON,发射带有emp的动能子弹，用于在空战中破开护盾并瘫痪对手，也能压制小型槽位上的防空武器,,,
aEP_ftr_icp_gunship_beam,WEAPON,一种高能光束发生器，在半秒内就能烧穿大部分战机的装甲。对于装备对舰武器的战机而言这并不是什么难事，可贵的地方在于作为专门为战机设计的武器，能以炮塔的形式安装,,,
aEP_ftr_bom_attacker_gun,WEAPON,一种使用弹匣的战舰级突击炮，短时间内能能喷出一条火龙，搭载在飞机上不仅占用了原本用于防护的负载，备弹也十分有限,,,
aEP_ftr_sup_shield_gun,WEAPON,低消耗的机枪，用于战机点防御,,,
aEP_ftr_bom_nuke_bomb,WEAPON,原子武器在星际时代并不是什么秘密，但将其压缩到一颗空雷中就是另一个故事了，这颗无比坚固反工事炸弹能摧毁最坚固的空间站和地面目标,,,
aEP_ftr_ftr_hvfighter_gun,WEAPON,这门战机武器采用了大口径高质量低初速的炮弹，尽可能的增加破甲力，这样做的代价是精度和有效射程的降低，在战机间对抗时难以命中,,,
aEP_ftr_ftr_helicop_lmg,WEAPON,低射速的重机枪，安装在战机上的反护盾武器，常见于公司的各种舰载机上,,,
aEP_ftr_ftr_helicop_rocket,WEAPON,可自动装填的小口径短程火箭弹，发射一种自动炮口径的实心火箭弹，对护盾效果优秀,,,
aEP_ftr_sup_guardian_gun,WEAPON,高射速的小口径突击炮，同时也产出大量幅能，只安装在拥有足够幅能容量的战机上,,,
aEP_ftr_sup_guardian_gun3,WEAPON,一种战机用长射程狙击武器，以较低的发射频率换取对在安全距离就对敌舰进行射击的能力,,,
aEP_ftr_sup_tank_main,WEAPON,轻量化的战舰武器安装在坦克的炮塔上，炮塔给予了超过其他所有平台的射击稳定性使其能瞄准更远地方的目标，但是太空中缺少抓地力，后坐力问题始终无法解决,,,
,,,,,
,,,,,
#势力&&星系,,,,,
aEP_FSF,FACTION,"快速Fast.安全Safe.实用Functional aka FSF公司是大崩塌后成立的一家以销售军火，代工舰船为主要业务的军事企业，其成立要追溯到大崩溃前一个颇有能量的走私集团，与许多人之领的装备测试部队均有关系，以高价向各种企业出售人之领的原型机。随着星门的失效，集团的上层被困在了处于英仙座的秘密仓库中。深知手中的力量远不足以保护仓库中珍贵的货物的他们，依靠仓库中成山的物资彻底的从星域纠纷中消失，以地下组织的身份，成立了FSF前身。

在相当长的一段时间里，借着大崩溃初期的混乱，他们暗地中吸纳英仙座受到冲击的科学家进入组织，以求能量产复制当时FSF手中最先进的一批原型舰，但直到第一次AI战争前，都没有更多的消息。

在第一次AI战争后的黄金时期，边缘世界殖民地保卫战中零星出现的一些人们从未见过的外贸战舰象征着FSF作为今天被人所知的、提供包括舰船制造、军事指导、武器贸易的巨型企业出现在英仙座的舞台。尽管一直以来他们都以遵循人之领法律单纯的巨型企业的身份在英仙座中左右逢源，但近年来直线上升的舰队总量显示了他们的野心。",,,
aEP_FSF_Relay,CUSTOM,这颗通讯中继器的位置非常不正常，型号也不是英仙座常见的人之领遗留的类型，但从功率和清晰度来看必然是人之领的造物。这个星系原先并没有任何成型的工程，自然不会有人之领时期的中继器。FSF公司想必从别处（或者就是自己的仓库）拖拽过来固定在行星轨道上。,,,
aEP_FSF_SaleStation,CUSTOM,快捷Fast，安全Safe，实用Functional是FSF公司的全称。此处是FSF公司对外的商业中心，也是FSF早期设立的轨道设施。选在了一个资源匮乏而空洞的星系，在漫长的时日中伴随着公司不断壮大，现在这里除了是人来人往的商业中心也是一个武装到牙齿的星际要塞。,,,
aEP_FSF_DefStation,CUSTOM,FSF在星系中心新建造的军事基地，它的出现象征着公司政策的改变。尽管FSF在许多年前就有了足以自保的实力，但并未维持较大规模的军队。这座军事基地的完工意味着其向军事化组织转变的完成。,,,
aEP_FSF_Homestar,PLANET,一颗平平无奇的褐矮星，其暗淡的性质使得观测比较困难。除此以外，或许只有贫乏能形容这个系统了，缺少开发价值的行星，甚至连小行星带也没有，长久以来这个系统一直淡出人们的视野。,,,
aEP_FSF_Homeplanet,PLANET,如果这颗行星能再靠近一些的话，会成为拥有宜居温度的行星，可惜现在这里是长昼夜，永远覆盖冰雪的不毛之地，即使穿戴整齐的防护设备也无法在这里停留太久的时间，在设立长期居住地会消耗大量的资源，是相当不明智的行为。它最引人注目的地方是地表上的巨大设施和宏伟的入口。鉴于FSF在第一次AI战争之前尚未出现，其建于大崩溃之前还是之后尚未可知，但可以证实的是在第一次AI战争前就已经存在，并在之后逐渐废弃，主要功能转移到轨道空间站上。或许是随着公司业务的扩张，行星恶劣的气候已经成为一个越发严重的问题。,,,
aEP_FSF_Companyplanet,PLANET,一颗典型的荒芜行星，拥有一定价值的矿物，同时也因为过于靠近恒星而开采成本极高，FSF公司围绕其新建了一个军事基地，在靠近恒星的战场上，一座功能完备，能长期抵御恒星辐射的堡垒确实是一个难啃的目标，或许这能解释为什么FSF愿意在此花巨资。,,,
aEP_IND_Homestar,PLANET,这颗红矮星发出热量不足以支撑任何一颗星球达到适宜的温度，寒冷笼罩着这个星系。光线的昏暗让任何在这个星系的工作都困难重重，也带来了棘手的海盗问题,,,
aEP_IND_Homeplanet,PLANET,"大部分边缘星系殖民地的名字如今唯一被人所知的方式就是出现在某个科技挖掘工地上的指示牌上。在核心星区都为了资源打成一团的混乱时代中，这些无暇顾及的地方在十年，二十年后留下的只有死寂。

Lamdor X行星的气温常年低于大部分设备的工作极限，在失去能源供应的二到三年内就失去了大部分人口，唯独太空港所在的城市依靠能够运行数个世纪的反物质熔炉——和其他失去生机聚集地剩下的物资存活了下来，坚持到重新与核心星区建立了联系。

鉴于之前发生在这颗行星上的悲剧，""远亲不如近邻""成为了大部分届当地政府外交的原则，自早期就与FSF建立了非常深度的防御合作关系，尽管双方坚持对方的独立性，但人员和设备交换确实非常频繁。",,,
,,,,,
aEP_IND_Pirateplanet,PLANET,没有特点的荒芜星球，曾经有对其的开发计划但是很快就被搁置,,,
aEP_IND_Piratestation,CUSTOM,鉴于Lamdor X行星和核心星区的距离，袭击往来的运输舰队是一件非常有赚头的生计，名义上这里是一处驿站，但实际上海盗控制了这里用来监听往来的运输队——或者是带着战利品来这里享受生活,,,
aEP_FSF_Earthstar,PLANET,曾是是人之领征服星系的证明，DWR43星系原计划会是在伟大的地貌改造后重新命名，依靠恒星能源提取站成为星际工业的心脏之一。现在这颗蓝巨星照耀着的只有永远无法完工的设施和了无生气的行星。,,,
aEP_FSF_Stationplanet,PLANET,"这里曾经在恒星遮罩的保护下，勉强支撑了一座小型殖民地开发其丰富的矿产资源，进一步的改造计划随着大崩溃而中止。尽管拥有遮罩，星球上的温度也高到难以忍受，但至少生态改造的土壤还能种植一些改造作物，困在这里的人们假以时日或许能准备足够的物资离开这个星球。

这一切都随着那支AI舰队的到来结束了，它们将三个恒星遮罩的其中之一推入了精密计算出的坠落轨道，以少于2km的误差击中了城市中心，在30秒内把百分之90的人烧成了灰。在失去遮罩后，增长2倍以上的气温和辐射环境杀死了剩下百分之10的人。留下由沾满辐射颗粒组成的沙暴整日肆虐着这颗星球的地表。

即使重新开发，轨道上缺少了一个的恒星遮罩阵列也永远在诉说这里的故事",,,
aEP_FSF_Earth,PLANET,"DWR43星系的掌上明珠，原计划中的星系首都，重金改造的原苔原星球，在崩溃发生前尚未有任何居民移入，仅有一系列地貌改造微生物在进行生态环境改造。改造过程几乎完成前，星系迎来了一只不速之客——一只由多个Alpha级计算核心组成的AI舰队入侵了星系，并在这里的轨道落脚。

令人不寒而栗的是之后发生的事，这支AI舰队接管了生态改造系统，将这颗星球改造为一颗拥有完整生态圈的异常类地星球，并且孕育了诸多适应环境的物种，但是这里的微生物对人类是完全的禁地，只有刻意编辑的生物武器才能做到这个程度。为什么AI会做这种对任务完全无关的事，如果是逻辑限制算法的失效，那也许是比前者更恐怖的状况。",,,
aEP_SpaceFactory,CUSTOM,"被FSF公司改造为军事驻地的原恒星能量提取站，遗憾的是大部分功能从未上线过。庞大的可利用内部空间安置了公司保密程度最高的部门。这里是优秀武器试验场，星系中存在AI舰队成为了最佳的实战目标。为了避免与AI在不具有绝对优势的情况下交战造成人员损失，以及与外界过多物资交换使位置暴露，空间站要求尽最大可能利用提取站的能源与挖掘基地实现能源与物资自持。

虽说如此，把设施内一半的空间设为生态圈也太过奢侈了，这里比起舰船武器测试场更像是用于躲过下一场大崩溃的避难所",,越是接近这个造物，越是能感受到它的巨大，这个原来用于给星系中提供几乎无限能量的设施在建造终止前似乎连外壳都没有完全竣工，从一些接合处仍然能看到当代科技的痕迹,
,,,,,
,,,,,
#物品,,,,,
aEP_remain_part,RESOURCE,由分解者级拆解可用材料时剩下的一些非标准，独一无二的零件，大多只能作为原材料进行回收。但FSF对它们非常感兴趣，可以在商业中心交换蓝图。当然直接出售也是一笔收入。,,,
aEP_FSF_CruiseMissile,CUSTOM,高速目标接近中！躲开它！,,,
,,,,,
#市场环境,,,,,
aEP_UndergroundStorage,CUSTOM,在这颗星球的地下有着一座设施齐备的基地，其中储备的资源足够其在与外界切断联系后也能坚持数个循环。殖民地的最低稳定度不会低于1点,,,
,,,,,
#市场描述,,,,,
aEP_SpaceFactoryMarket,CUSTOM,,,,
,,,,,
,,,,,
